inputs,response
FITIZEN의 AI 맞춤운동 찾기 기능은 무엇인가요?,FITIZEN의 AI 맞춤운동 찾기 기능은 사용자의 신체 상태와 목표에 맞춘 운동을 추천해주는 시스템입니다.
FITIZEN 챌린지에 참여하려면 어떻게 해야 하나요?,FITIZEN 웹사이트의 챌린지 메뉴에서 원하는 챌린지를 선택하여 등록 후 참여할 수 있습니다.
FITIZEN의 자유게시판에서 어떤 내용을 공유할 수 있나요?,"운동 관련 정보, 식단 조언, 운동 후기를 자유게시판에서 다른 사용자와 공유할 수 있습니다."
송혜교가 다이어트를 위해 했던 운동은 무엇인가요?,송혜교는 다이어트를 위해 매일 4시간씩 걷기 운동을 실천했습니다.
FITIZEN에서 제공하는 포인트 제도는 무엇인가요?,FITIZEN에서 활동에 참여하고 챌린지를 수행하며 포인트를 쌓아 다양한 프로그램에 활용할 수 있습니다.
혈당을 조절하는 것이 체지방 관리에 어떻게 도움이 되나요?,혈당을 안정적으로 유지하면 인슐린 분비가 조절되어 체지방 축적을 줄일 수 있습니다.
체지방 감량을 위해 주 몇 회 운동하는 것이 좋나요?,체지방 감량을 위해 주 3-5회 유산소 운동을 추천합니다.
근육량 증가를 위해 하루에 필요한 단백질 양은?,근육량 증가를 위해 체중 1kg당 1.6-2.2g의 단백질 섭취가 좋습니다.
운동 초보자는 어떤 유산소 운동을 시작해야 하나요?,"걷기, 가벼운 자전거 타기 등 낮은 강도의 유산소 운동을 추천합니다."
근력 운동과 유산소 운동을 병행해야 하는 이유는?,"근력 운동은 근육을 강화하고, 유산소 운동은 심폐 기능을 향상시킵니다."
식단 관리가 중요한 이유는 무엇인가요?,식단 관리는 체중 조절과 건강 유지에 중요한 역할을 합니다.
하루 운동 시간은 얼마나 하는 것이 적당한가요?,하루 30-60분의 운동이 건강에 적당합니다.
탄수화물 섭취를 줄여야 체중 감량에 도움이 되나요?,"네, 정제된 탄수화물 섭취를 줄이는 것이 체중 감량에 도움이 됩니다."
다이어트 중 가급적 피해야 할 음식은 무엇인가요?,"고당분, 고지방 가공식품은 피하는 것이 좋습니다."
체중 감량을 위한 기본 식단은 어떻게 구성해야 하나요?,"저칼로리, 고단백 식품을 위주로 구성하고, 정제된 탄수화물은 줄이는 것이 좋습니다."
초보자를 위한 전신 운동 루틴이 있을까요?,"스쿼트, 푸시업, 플랭크 같은 기본 전신 운동으로 루틴을 시작할 수 있습니다."
운동 중 쉬는 시간은 얼마나 두는 게 좋나요?,운동 세트 사이에 30초에서 1분 정도의 휴식을 권장합니다.
식사 전과 후 어느 때에 운동하는 것이 좋나요?,식사 1-2시간 후에 운동하는 것이 소화와 운동 효율에 좋습니다.
근육 증가를 위한 식단 구성 방법은?,고단백 식단과 복합 탄수화물을 중심으로 구성하면 근육 성장에 도움을 줍니다.
하체 근력 운동으로 효과적인 것은 무엇인가요?,"스쿼트, 런지, 레그프레스가 하체 근력에 매우 효과적입니다."
분할 운동의 장점은 무엇인가요?,분할 운동은 특정 근육을 집중적으로 자극하여 회복 시간을 충분히 확보할 수 있는 장점이 있습니다.
상체와 하체 운동을 분리하는 것이 좋은 이유는?,상하체를 분리하여 운동하면 피로를 최소화하고 각 부위에 충분한 자극을 줄 수 있습니다.
루틴에 유산소 운동을 추가하는 것이 좋은가요?,유산소 운동은 심폐 건강을 강화하고 체지방 감량에 도움을 줍니다.
아침에 운동하는 것이 좋은 이유는?,아침 운동은 하루 동안 에너지를 높이고 신진대사를 촉진하는 데 도움이 됩니다.
다이어트를 위한 저녁 식단은 어떻게 구성해야 하나요?,저녁에는 단백질 위주의 가벼운 식사를 추천합니다.
근육 회복을 위한 좋은 음식은?,"단백질이 풍부한 닭가슴살, 두부, 생선 등이 근육 회복에 좋습니다."
체지방 감소를 위한 하루 권장 운동 시간은?,하루 30-60분의 유산소 운동이 체지방 감소에 도움이 됩니다.
어떤 운동이 복근 강화에 좋나요?,"크런치, 레그 레이즈, 플랭크 운동이 복근 강화에 효과적입니다."
운동 후 스트레칭이 중요한 이유는?,스트레칭은 근육의 긴장을 풀어주고 부상 방지에 도움을 줍니다.
루틴에 복근 운동을 포함해야 하나요?,복근 운동은 코어 강화에 필수적이므로 루틴에 포함하는 것이 좋습니다.
분할 운동 시 하루에 몇 부위를 운동해야 하나요?,하루에 1-2개의 근육 부위에 집중하여 운동하는 것이 좋습니다.
유산소 운동의 효과는 무엇인가요?,유산소 운동은 체지방을 줄이고 심폐 기능을 강화하는 효과가 있습니다.
체중 유지와 체지방 감소 중 어떤 것이 더 어렵나요?,"체중 유지가 어려운 경우가 많으며, 지속적인 운동과 식단 관리가 필요합니다."
헬스장에서 초보자가 해야 할 운동은?,초보자는 머신을 이용한 근력 운동과 가벼운 유산소 운동을 추천합니다.
FITIZEN의 운동 추천 기능은 어떻게 동작하나요?,FITIZEN의 운동 추천 기능은 사용자의 현재 신체 상태와 목표에 맞추어 적합한 운동을 자동으로 추천합니다.
FITIZEN의 개발자는 누구인가요?,"FITIZEN은 연주승, 정재호, 박성재가 개발한 2024년 초보자를 위한 운동 웹사이트입니다."
어깨 운동을 위한 FITIZEN 추천 루틴은 무엇인가요?,"어깨 운동 루틴으로는 덤벨 숄더 프레스, 레터럴 레이즈, 프론트 레이즈 등이 효과적입니다."
허벅지 근육을 위한 효과적인 운동은 무엇인가요?,"허벅지 근육 강화를 위해 스쿼트와 런지를 추천하며, 하체 전체의 근력을 키울 수 있습니다."
초보자에게 적합한 팔 운동 루틴은 무엇인가요?,초보자를 위한 팔 운동으로 이두근 컬과 삼두근 익스텐션이 적합합니다.
일상에서 쉽게 따라 할 수 있는 복근 운동은 무엇인가요?,크런치와 레그 레이즈는 일상에서 쉽게 할 수 있는 복근 운동입니다.
운동 초보자에게 적합한 루틴 분할 방법은 무엇인가요?,"운동 초보자는 3분할 루틴으로 상체, 하체, 복근을 나누어 운동하는 것이 좋습니다."
운동 중에 추천하는 다이어트 식단은 무엇인가요?,"운동 중에는 저칼로리 고단백 식단이 좋으며, 닭가슴살, 채소, 고구마 등이 포함된 식단을 추천합니다."
다이어트를 위한 하루 권장 칼로리는 어떻게 되나요?,"다이어트를 위한 하루 권장 칼로리는 개인의 기초 대사량에 따라 다르지만, 일반적으로 1200~1500kcal입니다."
벌크업을 위한 식단 구성 방법은 무엇인가요?,"벌크업을 위해서는 고탄수화물, 고단백 식단을 구성하며, 닭가슴살, 소고기, 쌀밥 등을 섭취하는 것이 좋습니다."
운동을 통해 건강을 유지하는 방법은 무엇인가요?,운동과 건강한 식단을 통해 규칙적으로 신체를 관리하고 스트레칭과 충분한 수면을 유지하는 것이 중요합니다.
벌크업 중 섭취하면 좋은 고칼로리 음식은 무엇인가요?,"벌크업 중에는 고칼로리 음식인 땅콩버터, 아보카도, 치즈 등이 도움이 됩니다."
다이어트 중 간식을 먹어도 될까요?,"다이어트 중에도 적절한 간식 섭취는 가능하며, 견과류나 요거트를 선택하면 좋습니다."
근육 회복을 위해 섭취해야 하는 음식은 무엇인가요?,"근육 회복을 위해서는 단백질이 풍부한 닭가슴살, 두부, 생선을 섭취하는 것이 좋습니다."
건강한 식습관을 유지하는 방법은 무엇인가요?,"건강한 식습관을 유지하려면 다양한 영양소를 균형 있게 섭취하고, 정제된 설탕과 가공식품을 줄이는 것이 좋습니다."
체지방 감소를 위한 효과적인 운동은 무엇인가요?,체지방 감소를 위해서는 유산소 운동과 근력 운동을 병행하는 것이 효과적입니다.
벌크업을 위해 필요한 단백질 양은 얼마나 되나요?,벌크업을 위해서는 체중 1kg당 1.5~2g의 단백질을 섭취하는 것이 좋습니다.
운동 전후 추천하는 식단은 무엇인가요?,"운동 전에는 탄수화물을, 운동 후에는 단백질 위주의 식단을 섭취하는 것이 좋습니다."
다이어트를 할 때 피해야 할 음식은 무엇인가요?,"다이어트를 할 때는 정제된 설탕, 가공식품, 튀긴 음식을 피하는 것이 좋습니다."
운동 중 수분 보충의 중요성은 무엇인가요?,운동 중 수분을 충분히 보충해주면 탈수를 방지하고 근육 피로를 줄일 수 있습니다.
벌크업에 도움되는 보충제는 무엇인가요?,"벌크업에 도움되는 보충제로는 단백질 파우더, 크레아틴, BCAA 등이 추천됩니다."
건강하게 체중을 감량하는 팁은 무엇인가요?,건강하게 체중을 감량하려면 꾸준한 유산소 운동과 체중 조절 식단을 병행하는 것이 좋습니다.
근육량 유지를 위한 단백질 보충 방법은 무엇인가요?,"근육량 유지를 위해서는 하루에 충분한 단백질을 섭취하고, 필요할 경우 보충제를 활용할 수 있습니다."
운동 후 근육통을 줄이는 방법은 무엇인가요?,운동 후 근육통을 줄이기 위해 스트레칭과 휴식을 충분히 취하는 것이 좋습니다.
다이어트를 위한 아침 식사로 추천되는 음식은?,"다이어트를 위한 아침 식사로는 귀리, 요거트, 과일이 추천됩니다."
운동 후 어떤 간식이 근육 회복에 좋나요?,"운동 후에는 바나나, 그릭 요거트, 견과류 등이 근육 회복에 좋은 간식입니다."
체중 증가와 벌크업을 동시에 이루는 방법은 무엇인가요?,체중 증가와 벌크업을 동시에 이루려면 고칼로리 고단백 식단을 섭취하고 규칙적인 근력 운동을 해야 합니다.
3분할 운동 루틴은 어떤 방식인가요?,"3분할 운동 루틴은 주로 가슴, 등, 다리로 나누어 운동하는 방식입니다."
운동 초보자에게 적합한 분할 운동 루틴은 무엇인가요?,"운동 초보자에게는 3분할 루틴으로 상체, 하체, 복근으로 나누어 운동하는 것이 좋습니다."
상체와 하체를 분할하여 운동하는 장점은 무엇인가요?,상체와 하체를 분리하여 운동하면 각 부위에 집중적인 자극을 줄 수 있어 효율적입니다.
하루에 상체와 하체를 모두 운동해도 괜찮나요?,가능하지만 피로가 쌓일 수 있어 각 부위를 나누어 운동하는 것이 더 좋습니다.
5분할 운동 루틴은 어떤 운동으로 구성되나요?,"5분할 운동 루틴은 가슴, 등, 어깨, 하체, 팔로 나누어 구성됩니다."
운동 시 가슴과 삼두근을 함께 운동하는 이유는 무엇인가요?,가슴과 삼두근은 함께 사용하는 근육으로 같이 운동하면 효율적입니다.
4분할 운동 루틴의 구성은 어떻게 되나요?,"4분할 루틴은 가슴/삼두, 등/이두, 어깨, 하체로 나누어 구성됩니다."
상체 운동과 하체 운동을 나누는 이유는 무엇인가요?,상체와 하체를 나누면 각각의 부위에 충분한 자극을 줄 수 있어 효과적입니다.
3분할 루틴에서 가장 효과적인 운동 조합은 무엇인가요?,"가슴/삼두, 등/이두, 하체의 조합이 3분할 루틴에서 효과적입니다."
주 3회 운동을 할 때 적합한 분할 루틴은 무엇인가요?,주 3회 운동 시 상체/하체/복근으로 나누어 운동하는 것이 좋습니다.
주 4회 운동 시 추천되는 분할 방법은 무엇인가요?,"주 4회 운동 시 상체, 하체, 복근, 유산소 운동으로 분할하면 좋습니다."
하체와 복근을 함께 운동하는 이유는 무엇인가요?,하체와 복근은 함께 운동하기 좋은 부위로 체력 소모가 적절히 분배됩니다.
등과 이두근을 같이 운동하는 장점은 무엇인가요?,등과 이두근은 함께 사용하는 경우가 많아 같은 날 운동하면 효율적입니다.
가슴과 어깨를 분리하여 운동하는 이유는 무엇인가요?,어깨는 가슴 운동 후 충분히 휴식을 취한 후에 운동하는 것이 좋습니다.
5분할 운동에서 등 운동과 하체 운동을 나누는 이유는 무엇인가요?,등과 하체는 큰 근육이므로 각 부위에 집중하기 위해 나누는 것이 좋습니다.
분할 운동 루틴에서 휴식일은 어떻게 배치하는 것이 좋은가요?,분할 운동 루틴에서는 보통 3일에 한 번 휴식일을 배치하여 근육 회복을 돕습니다.
상체 근육을 위한 2분할 루틴은 어떻게 구성되나요?,"상체 근육 2분할 루틴은 가슴/삼두, 등/이두로 나누어 구성됩니다."
하체 운동을 중심으로 한 3분할 루틴은 무엇인가요?,"하체 운동을 중심으로 3분할 루틴을 구성할 경우 하체, 상체, 유산소로 나눕니다."
주 5회 운동을 할 때 적합한 분할 운동 루틴은 무엇인가요?,"주 5회 운동 시 가슴, 등, 어깨, 하체, 팔로 분할하면 효과적입니다."
등과 하체를 같은 날 운동해도 괜찮나요?,등과 하체를 같은 날 운동해도 되지만 집중도가 떨어질 수 있어 분리하는 것이 좋습니다.
4분할 루틴에서 복근 운동은 언제 하는 것이 좋나요?,4분할 루틴에서는 복근 운동을 가벼운 상체 운동 후에 추가하는 것이 좋습니다.
3분할 운동 루틴에서 가슴과 등은 같은 날 운동해야 하나요?,가슴과 등은 큰 근육이므로 다른 날에 나눠서 운동하는 것이 좋습니다.
3분할 루틴과 4분할 루틴의 차이점은 무엇인가요?,"3분할 루틴은 근육별로 집중하여 자극을 줄 수 있고, 4분할은 더 세부적으로 나눌 수 있습니다."
2분할 루틴의 장점은 무엇인가요?,"2분할 루틴은 근육 회복 시간을 줄여주며, 주 3-4회 운동하는 분들에게 적합합니다."
4분할 운동 루틴에서 팔 운동은 언제 하는 것이 좋나요?,4분할 루틴에서는 팔 운동을 가슴 운동 후에 배치하는 것이 좋습니다.
상체 운동과 하체 운동을 주간으로 나눠서 하는 방법은 무엇인가요?,상체와 하체를 주간으로 나누어 운동하면 체력 관리와 근육 회복에 도움이 됩니다.
복근을 매일 운동해도 괜찮은가요?,"복근은 매일 운동해도 무방하나, 과도한 운동은 근육 회복에 방해가 될 수 있습니다."
가슴과 복근을 함께 운동하는 것이 좋은가요?,가슴과 복근을 함께 운동하면 복근이 수축할 때 가슴 근육에도 자극을 줄 수 있습니다.
5분할 운동 루틴의 구성과 예시는 무엇인가요?,5분할 운동 루틴은 하루 한 부위를 집중적으로 운동하며 근육 회복에 유리합니다.
등과 가슴을 같은 날 운동하면 어떤 효과가 있나요?,등과 가슴을 같은 날 운동하면 몸통 전체를 균형 있게 자극할 수 있습니다.
운동 분할법이란 무엇인가요?,"운동 분할법은 매일 다른 근육 부위를 운동하는 방식으로, 효율적으로 근육을 자극할 수 있습니다."
근육이 성장하는 원리는 무엇인가요?,"근육은 운동으로 미세 손상을 입고, 휴식과 회복을 통해 더 강하고 큰 근육으로 성장합니다."
무분할 운동법은 어떤 사람에게 적합한가요?,"무분할 운동법은 초보자에게 적합하며, 전신을 고루 자극하여 기초 체력을 키울 수 있습니다."
2분할 운동은 어떤 방식으로 구성되나요?,2분할 운동은 상체와 하체로 나누어 하루씩 번갈아 운동하는 방식입니다.
3분할 운동 루틴의 장점은 무엇인가요?,3분할 운동 루틴은 특정 근육에 집중할 수 있어 효율적으로 근육을 자극합니다.
4분할 운동 루틴의 특징은 무엇인가요?,4분할 운동 루틴은 하루에 한 부위씩 집중하여 운동하는 방식으로 충분한 휴식을 보장합니다.
무분할과 2분할 운동의 차이점은 무엇인가요?,"무분할은 전신 운동이고, 2분할은 상체와 하체를 나누어 운동하는 점이 다릅니다."
운동 초보자에게 무분할 운동이 적합한 이유는 무엇인가요?,운동 초보자에게는 전신 근육을 고르게 자극하여 신경 활성화를 돕기 때문에 무분할 운동이 적합합니다.
2분할 운동법에서 추천되는 분할 방식은 무엇인가요?,2분할 운동법에서는 상체/하체 또는 가슴/등으로 나누어 운동하는 방식이 추천됩니다.
3분할 루틴에서 미는 운동과 당기는 운동은 어떤 방식인가요?,"3분할 루틴에서 미는 운동은 가슴과 어깨, 당기는 운동은 등 근육을 사용하는 방식입니다."
4분할 운동 루틴이 3분할보다 집중도가 높은 이유는 무엇인가요?,4분할 루틴은 하루에 한 부위에 집중할 수 있어 3분할보다 더 깊은 자극을 줄 수 있습니다.
"3분할 운동 루틴에서 등, 가슴, 하체로 나누어 운동하는 장점은 무엇인가요?","3분할 운동 루틴은 근육 회복 시간을 확보하고, 각 부위에 충분한 자극을 줄 수 있습니다."
2분할 운동에서 상체/하체 루틴을 사용하는 이유는 무엇인가요?,2분할 운동에서 상체와 하체로 나누면 체력 소모를 분산하고 효율적으로 근육을 자극할 수 있습니다.
4분할 루틴에서 하루에 한 부위만 운동하는 방식의 장점은 무엇인가요?,4분할 루틴은 하루에 한 부위만 운동해 충분한 자극을 주고 휴식할 수 있는 장점이 있습니다.
무분할 운동이 기초 체력을 다지는 데 적합한 이유는 무엇인가요?,"무분할 운동은 기초 체력을 쌓고, 전신을 자극하는 데 매우 효과적입니다."
운동을 통해 근육이 성장하는 과정을 설명해 주세요.,근육은 운동으로 상처를 입은 후 회복 과정에서 강해지는 원리로 성장합니다.
분할 운동법이 근육 성장에 도움이 되는 이유는 무엇인가요?,분할 운동법은 매일 다른 부위를 운동해 근육 회복 시간을 확보해 효율적으로 성장할 수 있게 합니다.
2분할 루틴에서 가슴과 등의 조합이 추천되는 이유는 무엇인가요?,2분할 루틴에서 가슴과 등 조합은 상체 부위별로 충분히 자극할 수 있어 효과적입니다.
운동을 매일 다른 부위를 하는 분할 운동의 장점은 무엇인가요?,매일 다른 부위를 운동하는 분할 방식은 근육 회복을 최적화하여 효율적으로 자극할 수 있습니다.
3분할 루틴에서 밀기/당기기/하체로 나누는 이유는 무엇인가요?,"3분할 루틴은 미는 운동, 당기는 운동, 하체로 나누어 각 부위를 집중적으로 자극할 수 있습니다."
운동 초보자가 체지방을 줄이는 데 좋은 방법은 무엇인가요?,초보자는 유산소 운동과 근력 운동을 병행하여 체지방을 줄이는 것이 좋습니다.
운동 중 충분한 수분 섭취가 중요한 이유는 무엇인가요?,수분이 부족하면 근육 피로와 탈수가 발생할 수 있어 충분한 수분 섭취가 필요합니다.
유산소 운동을 매일 해도 괜찮은가요?,"유산소 운동을 매일 해도 되지만, 체력 상태에 맞게 조절하는 것이 중요합니다."
근력 운동 후 신진대사가 얼마나 오래 지속되나요?,근력 운동 후 신진대사는 최대 48시간까지 유지될 수 있습니다.
체중 감량에 도움되는 간단한 홈트레이닝 운동은 무엇인가요?,"홈트레이닝으로 스쿼트, 플랭크, 런지가 체중 감량에 좋습니다."
근육을 효율적으로 키우기 위한 가장 좋은 운동 시간은 언제인가요?,"운동은 아침, 저녁 중 편한 시간에 하면 좋으며 일관성이 중요합니다."
운동 후 단백질 보충제를 섭취하는 것이 중요한 이유는?,단백질은 운동 후 근육 회복을 촉진하여 효율적인 성장을 돕습니다.
체지방 감량을 위해 유산소 운동을 얼마나 해야 하나요?,유산소 운동은 주당 150분 이상 하는 것이 체지방 감량에 좋습니다.
근육 피로를 줄이는 데 좋은 영양소는 무엇인가요?,칼슘과 마그네슘은 근육 피로를 줄이는 데 도움이 됩니다.
운동 전후로 수분을 얼마나 섭취해야 하나요?,운동 전후 500ml의 물을 섭취하면 수분 보충에 좋습니다.
유산소 운동이 체중 감량에 효과적인 이유는 무엇인가요?,유산소 운동은 칼로리 소모를 높이고 체지방을 줄이는 데 효과적입니다.
웨이트 트레이닝과 유산소 운동 중 무엇이 더 중요한가요?,"목표에 따라 다르지만, 균형 있는 웨이트와 유산소 운동이 필요합니다."
체중 감량을 위한 유산소 운동의 최적 시간은 언제인가요?,아침이나 공복에 유산소 운동을 하면 체지방 연소에 더 효과적입니다.
운동 초보자가 쉽게 할 수 있는 스트레칭 동작은 무엇인가요?,"간단한 스트레칭으로 햄스트링 스트레치, 어깨 스트레치가 좋습니다."
운동을 할 때 좋은 호흡 방법은 무엇인가요?,복식호흡을 통해 심박수를 안정시키고 산소 공급을 원활히 합니다.
근력 운동 시 무게를 얼마나 늘려야 하나요?,근력 운동의 무게는 개인의 체력과 근력 상태에 따라 천천히 증가시킵니다.
하체 강화에 좋은 운동은 어떤 것이 있나요?,"하체 강화 운동으로 스쿼트, 런지, 레그 프레스가 추천됩니다."
허리 부상을 예방하는 스트레칭 방법은 무엇인가요?,허리 부상을 예방하기 위해 허리 스트레칭을 포함해야 합니다.
근육량을 유지하기 위해 얼마나 자주 운동해야 하나요?,근육 유지에는 주 3회의 근력 운동이 권장됩니다.
운동 후 피로를 빠르게 회복하는 방법은 무엇인가요?,충분한 수면과 영양 섭취는 운동 후 피로 회복에 효과적입니다.
